<?xml version="1.0" encoding="UTF-8"?>
<beans xmlns="http://www.springframework.org/schema/beans"
	xmlns:xsi="http://www.w3.org/2001/XMLSchema-instance" 
	xmlns:context="http://www.springframework.org/schema/context"
	xmlns:mvc="http://www.springframework.org/schema/mvc"
	xsi:schemaLocation="
		http://www.springframework.org/schema/beans
    	http://www.springframework.org/schema/beans/spring-beans.xsd
    	http://www.springframework.org/schema/context
    	http://www.springframework.org/schema/context/spring-context.xsd
    	http://www.springframework.org/schema/mvc
        http://www.springframework.org/schema/mvc/spring-mvc.xsd">
        
            <!-- To add the resources-css,image,javascript this line you have to add in the code anywhere in the beans tag -->
        <mvc:resources mapping="/resources/**" location="/resources/" />
        <context:annotation-config></context:annotation-config>
        <context:component-scan base-package="com.ncu"></context:component-scan>
        <mvc:annotation-driven></mvc:annotation-driven>
        <bean id="jspViewResolver" class="org.springframework.web.servlet.view.InternalResourceViewResolver">
        <property name="prefix" value="/WEB-INF/jsp/"/>
        <property name="suffix" value=".jsp"/>
         </bean>
           <bean id="ds" class="org.springframework.jdbc.datasource.DriverManagerDataSource">
		 <property name="driverClassName" value="com.mysql.cj.jdbc.Driver" />
    <property name="url" value="jdbc:mysql://localhost:3306/oes_my" />
    <property name="username" value="root" />
    <property name="password" value="admin1020" />
</bean>

	<!--  <bean id="employeeDAOImpl" class="com.ncu.employee.dao.EmployeeDaoImpl">
		<property name="jdbcTemplate" ref="jdbcTemplate" />
	</bean>
-->
	<bean id="jdbcTemplate" class="org.springframework.jdbc.core.JdbcTemplate">
		 <property name="dataSource" ref="ds"/>
	</bean>		 

   
</beans>
       